{
   "dashboards": [{
      "autoswitchEnabled": false,
      "columnCount": 1,
      "columnProportion": "1-1",
      "creationTime": 1670161500282,
      "dashboardNavigations": {},
      "description": "",
      "disabled": false,
      "gridsterMaxColumns": 12,
      "hidden": false,
      "homeTab": false,
      "id": "ff1f4369-51a7-43fd-b699-70058f75baf8",
      "importAttempts": 0,
      "importComplete": true,
      "lastUpdateTime": 1670338170007,
      "lastUpdateUserId": "287ed085-c6ca-4255-b69c-956f1665ed51",
      "locked": false,
      "name": "Custom Dashboards/Busy VMs by Shift",
      "namePath": "Custom Dashboards",
      "rank": 0,
      "shared": false,
      "states": [{
         "key": "permDashboardTime_dashboard_ff1f4369-51a7-43fd-b699-70058f75baf8",
         "value": "o%3AdateRange%3Ds%253Alast7Days%5EdateRangeText%3Ds%253A7D"
      }],
      "temporary": false,
      "userId": "287ed085-c6ca-4255-b69c-956f1665ed51",
      "widgetInteractions": [
         {
            "type": "resourceId",
            "widgetIdProvider": "deba3b83-5b4c-4ae3-b940-299ecdece321",
            "widgetIdReceiver": "65487528-a141-4bf4-a724-032c11e75944"
         },
         {
            "type": "resourceId",
            "widgetIdProvider": "deba3b83-5b4c-4ae3-b940-299ecdece321",
            "widgetIdReceiver": "f7987b00-e38d-4616-a0d7-6bacb543ee38"
         },
         {
            "type": "resourceId",
            "widgetIdProvider": "deba3b83-5b4c-4ae3-b940-299ecdece321",
            "widgetIdReceiver": "6c526606-eed9-40b6-b759-6bcb3c18bd19"
         },
         {
            "type": "resourceId",
            "widgetIdProvider": "b0d33939-f6cb-4701-a0ed-731d7b90f23f",
            "widgetIdReceiver": "c0417ad5-34cb-4e93-adda-bbe49821e71c"
         },
         {
            "type": "resourceId",
            "widgetIdProvider": "c0417ad5-34cb-4e93-adda-bbe49821e71c",
            "widgetIdReceiver": "deba3b83-5b4c-4ae3-b940-299ecdece321"
         }
      ],
      "widgets": [
         {
            "collapsed": false,
            "config": {
               "chartViewItems": [],
               "isUpdatedView": true,
               "refreshContent": {"refreshContent": true},
               "refreshInterval": 300,
               "resource": null,
               "selectFirstRow": {"selectFirstRow": true},
               "selfProvider": {"selfProvider": false},
               "title": "First Shift VMs | 8AM - 5PM (in selected Cluster)",
               "traversalSpecId": "",
               "viewDefinitionId": "6666cac9-6584-464c-8951-1d700ec13352"
            },
            "gridsterCoords": {
               "h": 11,
               "w": 4,
               "x": 1,
               "y": 12
            },
            "height": 609,
            "id": "65487528-a141-4bf4-a724-032c11e75944",
            "states": [
               {
                  "key": "permPageSize_widget_ff1f4369-51a7-43fd-b699-70058f75baf8_65487528-a141-4bf4-a724-032c11e75944",
                  "value": "n%3A100"
               },
               {
                  "key": "perm_isDashboardTime_widget_ff1f4369-51a7-43fd-b699-70058f75baf8_65487528-a141-4bf4-a724-032c11e75944",
                  "value": "b%3A0"
               },
               {
                  "key": "permSelectedDate_widget_ff1f4369-51a7-43fd-b699-70058f75baf8_65487528-a141-4bf4-a724-032c11e75944",
                  "value": "s%3A%7B%22minType%22%3A%22.TimeIntervalControl%22%2C%22count%22%3A30%2C%22unit%22%3A%22DAYS%22%2C%22priorCount%22%3Anull%2C%22priorUnit%22%3Anull%2C%22fromTime%22%3Anull%2C%22toTime%22%3Anull%2C%22mondayHours%22%3A%5B%7B%22startHour%22%3A8%2C%22startMinute%22%3A0%2C%22endHour%22%3A17%2C%22endMinute%22%3A0%7D%5D%2C%22tuesdayHours%22%3A%5B%7B%22startHour%22%3A8%2C%22startMinute%22%3A0%2C%22endHour%22%3A17%2C%22endMinute%22%3A0%7D%5D%2C%22wednesdayHours%22%3A%5B%7B%22startHour%22%3A8%2C%22startMinute%22%3A0%2C%22endHour%22%3A17%2C%22endMinute%22%3A0%7D%5D%2C%22thursdayHours%22%3A%5B%7B%22startHour%22%3A8%2C%22startMinute%22%3A0%2C%22endHour%22%3A17%2C%22endMinute%22%3A0%7D%5D%2C%22fridayHours%22%3A%5B%7B%22startHour%22%3A8%2C%22startMinute%22%3A0%2C%22endHour%22%3A17%2C%22endMinute%22%3A0%7D%5D%2C%22saturdayHours%22%3A%5B%5D%2C%22sundayHours%22%3A%5B%5D%7D"
               },
               {
                  "key": "perm_toolbarVisible_widget_ff1f4369-51a7-43fd-b699-70058f75baf8_65487528-a141-4bf4-a724-032c11e75944",
                  "value": "b%3A0"
               }
            ],
            "title": "First Shift VMs | 8AM - 5PM (in selected Cluster)",
            "type": "View"
         },
         {
            "collapsed": false,
            "config": {
               "chartViewItems": [],
               "isUpdatedView": true,
               "refreshContent": {"refreshContent": true},
               "refreshInterval": 300,
               "resource": null,
               "selectFirstRow": {"selectFirstRow": true},
               "selfProvider": {"selfProvider": false},
               "title": "Second Shift VMs | 5PM - Midnight (in selected Cluster)",
               "traversalSpecId": "",
               "viewDefinitionId": "34e045b0-d30e-41c1-887a-0161a5215416"
            },
            "gridsterCoords": {
               "h": 11,
               "w": 4,
               "x": 5,
               "y": 12
            },
            "height": 609,
            "id": "f7987b00-e38d-4616-a0d7-6bacb543ee38",
            "states": [
               {
                  "key": "perm_isDashboardTime_widget_ff1f4369-51a7-43fd-b699-70058f75baf8_f7987b00-e38d-4616-a0d7-6bacb543ee38",
                  "value": "b%3A1"
               },
               {
                  "key": "perm_toolbarVisible_widget_ff1f4369-51a7-43fd-b699-70058f75baf8_f7987b00-e38d-4616-a0d7-6bacb543ee38",
                  "value": "b%3A0"
               },
               {
                  "key": "permSelectedDate_widget_ff1f4369-51a7-43fd-b699-70058f75baf8_f7987b00-e38d-4616-a0d7-6bacb543ee38",
                  "value": "s%3A%7B%22minType%22%3A%22.TimeIntervalControl%22%2C%22count%22%3A30%2C%22unit%22%3A%22DAYS%22%2C%22priorCount%22%3Anull%2C%22priorUnit%22%3Anull%2C%22fromTime%22%3Anull%2C%22toTime%22%3Anull%2C%22mondayHours%22%3A%5B%7B%22startHour%22%3A17%2C%22startMinute%22%3A0%2C%22endHour%22%3A0%2C%22endMinute%22%3A0%7D%5D%2C%22tuesdayHours%22%3A%5B%7B%22startHour%22%3A17%2C%22startMinute%22%3A0%2C%22endHour%22%3A0%2C%22endMinute%22%3A0%7D%5D%2C%22wednesdayHours%22%3A%5B%7B%22startHour%22%3A17%2C%22startMinute%22%3A0%2C%22endHour%22%3A0%2C%22endMinute%22%3A0%7D%5D%2C%22thursdayHours%22%3A%5B%7B%22startHour%22%3A17%2C%22startMinute%22%3A0%2C%22endHour%22%3A0%2C%22endMinute%22%3A0%7D%5D%2C%22fridayHours%22%3A%5B%7B%22startHour%22%3A17%2C%22startMinute%22%3A0%2C%22endHour%22%3A0%2C%22endMinute%22%3A0%7D%5D%2C%22saturdayHours%22%3A%5B%5D%2C%22sundayHours%22%3A%5B%5D%7D"
               },
               {
                  "key": "permPageSize_widget_ff1f4369-51a7-43fd-b699-70058f75baf8_f7987b00-e38d-4616-a0d7-6bacb543ee38",
                  "value": "n%3A100"
               }
            ],
            "title": "Second Shift VMs | 5PM - Midnight (in selected Cluster)",
            "type": "View"
         },
         {
            "collapsed": false,
            "config": {
               "chartViewItems": [],
               "isUpdatedView": true,
               "refreshContent": {"refreshContent": true},
               "refreshInterval": 300,
               "resource": null,
               "selectFirstRow": {"selectFirstRow": false},
               "selfProvider": {"selfProvider": false},
               "title": "Third Shift VMs | Midnight - 8AM (in selected Cluster)",
               "traversalSpecId": "",
               "viewDefinitionId": "5e4fe8f1-dacf-4928-8b2a-7f8cc6785547"
            },
            "gridsterCoords": {
               "h": 11,
               "w": 4,
               "x": 9,
               "y": 12
            },
            "height": 609,
            "id": "6c526606-eed9-40b6-b759-6bcb3c18bd19",
            "states": [
               {
                  "key": "permPageSize_widget_ff1f4369-51a7-43fd-b699-70058f75baf8_6c526606-eed9-40b6-b759-6bcb3c18bd19",
                  "value": "n%3A100"
               },
               {
                  "key": "perm_isDashboardTime_widget_ff1f4369-51a7-43fd-b699-70058f75baf8_6c526606-eed9-40b6-b759-6bcb3c18bd19",
                  "value": "b%3A0"
               },
               {
                  "key": "permSelectedDate_widget_ff1f4369-51a7-43fd-b699-70058f75baf8_6c526606-eed9-40b6-b759-6bcb3c18bd19",
                  "value": "s%3A%7B%22minType%22%3A%22.TimeIntervalControl%22%2C%22count%22%3A30%2C%22unit%22%3A%22DAYS%22%2C%22priorCount%22%3Anull%2C%22priorUnit%22%3Anull%2C%22fromTime%22%3Anull%2C%22toTime%22%3Anull%2C%22mondayHours%22%3A%5B%7B%22startHour%22%3A0%2C%22startMinute%22%3A0%2C%22endHour%22%3A8%2C%22endMinute%22%3A0%7D%5D%2C%22tuesdayHours%22%3A%5B%7B%22startHour%22%3A0%2C%22startMinute%22%3A0%2C%22endHour%22%3A8%2C%22endMinute%22%3A0%7D%5D%2C%22wednesdayHours%22%3A%5B%7B%22startHour%22%3A0%2C%22startMinute%22%3A0%2C%22endHour%22%3A8%2C%22endMinute%22%3A0%7D%5D%2C%22thursdayHours%22%3A%5B%7B%22startHour%22%3A0%2C%22startMinute%22%3A0%2C%22endHour%22%3A8%2C%22endMinute%22%3A0%7D%5D%2C%22fridayHours%22%3A%5B%7B%22startHour%22%3A0%2C%22startMinute%22%3A0%2C%22endHour%22%3A8%2C%22endMinute%22%3A0%7D%5D%2C%22saturdayHours%22%3A%5B%5D%2C%22sundayHours%22%3A%5B%5D%7D"
               },
               {
                  "key": "perm_toolbarVisible_widget_ff1f4369-51a7-43fd-b699-70058f75baf8_6c526606-eed9-40b6-b759-6bcb3c18bd19",
                  "value": "b%3A0"
               }
            ],
            "title": "Third Shift VMs | Midnight - 8AM (in selected Cluster)",
            "type": "View"
         },
         {
            "collapsed": false,
            "config": {
               "chartViewItems": [],
               "isUpdatedView": true,
               "refreshContent": {"refreshContent": true},
               "refreshInterval": 300,
               "resource": {
                  "id": "Ext.vcops.chrome.model.Resource-1",
                  "resourceId": "resource:id:0_::_",
                  "resourceKindId": "002006VMWAREvSphere World",
                  "resourceName": "vSphere World",
                  "traversalSpecId": ""
               },
               "selectFirstRow": {"selectFirstRow": true},
               "selfProvider": {"selfProvider": true},
               "title": "vCenters",
               "traversalSpecId": null,
               "viewDefinitionId": "8a37fc09-ec17-40c8-8e7d-c66ff660a514"
            },
            "gridsterCoords": {
               "h": 6,
               "w": 12,
               "x": 1,
               "y": 1
            },
            "height": 324,
            "id": "b0d33939-f6cb-4701-a0ed-731d7b90f23f",
            "states": [
               {
                  "key": "perm_isDashboardTime_widget_ff1f4369-51a7-43fd-b699-70058f75baf8_b0d33939-f6cb-4701-a0ed-731d7b90f23f",
                  "value": "b%3A0"
               },
               {
                  "key": "perm_toolbarVisible_widget_ff1f4369-51a7-43fd-b699-70058f75baf8_b0d33939-f6cb-4701-a0ed-731d7b90f23f",
                  "value": "b%3A1"
               }
            ],
            "title": "vCenters",
            "type": "View"
         },
         {
            "collapsed": false,
            "config": {
               "chartViewItems": [],
               "isUpdatedView": true,
               "refreshContent": {"refreshContent": true},
               "refreshInterval": 300,
               "resource": null,
               "selectFirstRow": {"selectFirstRow": true},
               "selfProvider": {"selfProvider": false},
               "title": "Clusters (for selected Datacenter)",
               "traversalSpecId": "vSphere Hosts and Clusters-VMWARE-vSphere World",
               "viewDefinitionId": "6fb1f4a6-8b78-46e4-93f3-c4598b0fc680"
            },
            "gridsterCoords": {
               "h": 5,
               "w": 6,
               "x": 7,
               "y": 7
            },
            "height": 266,
            "id": "deba3b83-5b4c-4ae3-b940-299ecdece321",
            "states": [
               {
                  "key": "perm_isDashboardTime_widget_ff1f4369-51a7-43fd-b699-70058f75baf8_deba3b83-5b4c-4ae3-b940-299ecdece321",
                  "value": "b%3A0"
               },
               {
                  "key": "perm_toolbarVisible_widget_ff1f4369-51a7-43fd-b699-70058f75baf8_deba3b83-5b4c-4ae3-b940-299ecdece321",
                  "value": "b%3A1"
               }
            ],
            "title": "Clusters (for selected Datacenter)",
            "type": "View"
         },
         {
            "collapsed": false,
            "config": {
               "chartViewItems": [],
               "isUpdatedView": true,
               "refreshContent": {"refreshContent": true},
               "refreshInterval": 300,
               "resource": null,
               "selectFirstRow": {"selectFirstRow": true},
               "selfProvider": {"selfProvider": false},
               "title": "Datacenter (for selected vCenter)",
               "traversalSpecId": "",
               "viewDefinitionId": "8f714c32-410d-4df7-9733-889e4f826c46"
            },
            "gridsterCoords": {
               "h": 5,
               "w": 6,
               "x": 1,
               "y": 7
            },
            "height": 267,
            "id": "c0417ad5-34cb-4e93-adda-bbe49821e71c",
            "states": [
               {
                  "key": "permSelectedDate_widget_ff1f4369-51a7-43fd-b699-70058f75baf8_c0417ad5-34cb-4e93-adda-bbe49821e71c",
                  "value": "s%3A%7B%22minType%22%3A%22.TimeIntervalControl%22%2C%22advancedTimeMode%22%3Afalse%2C%22fromTime%22%3Anull%2C%22unit%22%3A%22DAYS%22%2C%22count%22%3A7%2C%22priorUnit%22%3Anull%2C%22priorCount%22%3Anull%2C%22startSubUnit%22%3Anull%2C%22startPeriod%22%3Anull%2C%22toTime%22%3Anull%2C%22endUnit%22%3Anull%2C%22endCount%22%3Anull%2C%22endSubUnit%22%3Anull%2C%22endPeriod%22%3Anull%2C%22isRealTimeData%22%3Anull%2C%22mondayHours%22%3A%5B%5D%2C%22tuesdayHours%22%3A%5B%5D%2C%22wednesdayHours%22%3A%5B%5D%2C%22thursdayHours%22%3A%5B%5D%2C%22fridayHours%22%3A%5B%5D%2C%22saturdayHours%22%3A%5B%5D%2C%22sundayHours%22%3A%5B%5D%7D"
               },
               {
                  "key": "perm_isDashboardTime_widget_ff1f4369-51a7-43fd-b699-70058f75baf8_c0417ad5-34cb-4e93-adda-bbe49821e71c",
                  "value": "b%3A0"
               }
            ],
            "title": "Datacenter (for selected vCenter)",
            "type": "View"
         }
      ]
   }],
   "entries": {"resource": [{
      "adapterKindKey": "VMWARE",
      "identifiers": [],
      "internalId": "resource:id:0_::_",
      "name": "vSphere World",
      "resourceKindKey": "vSphere World"
   }]},
   "uuid": "4e54ca77-58f3-4cca-8a56-93a5ea85f91e"
}